Rule ID,Section / page,Field,UI / value type,TEST,STAGING,Shown when,Allowed / example values,Business rule / behaviour,User-facing note,Status,Design source,Notes / confirmation
ENV-001,Environment,Environment type,Radio,Required,Required,Create environment,TEST; STAGING,User selects either TEST or STAGING.,,Confirmed,Create step 1,PROD is handled through the separate Request production flow.
ENV-002,Environment,Copy existing configuration,Radio,Conditional,Conditional,After environment type is selected and if there is at least 1 environment other than PROD,Yes; No,,,Confirmed,Create step 1,
ENV-003,Environment,Copying from,Select,Conditional,Conditional,Copy existing configuration = Yes,Existing eligible environment,User selects the source configuration.,,Confirmed,Create step 1,Eligibility rules for source environments should be confirmed.
COPY-001,Create environment,Copied configuration,Flow rule,Applies,Applies,Copy existing configuration = Yes,,Applicable fields are prefilled with the source configuration's values. Prefilled values remain editable during creation.,,Confirmed,Create flow,Applies across the creation flow rather than being repeated for each field.
ENV-004,Environment,Environment name,Text,Required,Required,After environment type is selected,,Environment type is prepended to the entered environment name.,Enter a name to help you identify this environment.,Confirmed,Create step 1; manage,Confirm exact prefix format and whether users edit only the suffix.
ENV-005,Environment,English environment URL,URL,Required,Required,After environment type is selected,,,,Confirmed,Create step 1; manage,
ENV-006,Environment,French environment URL,URL,Required,Required,After environment type is selected,,,,Confirmed,Create step 1; manage,
CON-001,Connection,Redirect URLs,Repeatable URL,Required,Required,Connection step / manage view,,One or more redirect URLs may be added or removed.,Where CanadaLogin can send authentication responses.,Confirmed,Create step 2; manage,
CON-002,Connection,Post logout redirect URLs,Repeatable URL,Required,Required,Connection step / manage view,,One or more post-logout redirect URLs may be added or removed.,Where CanadaLogin can send users after they sign out.,Confirmed,Create step 2; manage,
CON-003,Connection,Supports single sign out,Radio,Required,Required,Connection step,Yes; No,Controls whether the single sign out configuration is shown.,,Confirmed,Create step 2,
CON-004,Connection,Single sign out method,Radio,Conditional,Conditional,Supports single sign out = Yes,Back-channel sign out; Front-channel sign out,,,Confirmed,Create step 2; manage,
CON-005,Connection,Sign out request URL,URL,Conditional,Conditional,Supports single sign out = Yes,,,,Confirmed,Create step 2; manage,Confirm whether method selection changes URL requirements.
CON-006,Connection,Outbound IPs,Repeatable IP,Optional,Optional,Connection step / manage view,,,IP addresses your back-end services use to connect to CanadaLogin. We'll add them to an allowlist.,Pending,Create step 2; manage,Not sure of value of showing this in TEST or STAGING.
AUTH-001,Authentication,Client type,Radio,Required,Required,Authentication step,Confidential; Public,Confidential can securely store client credentials. Public cannot securely store credentials.,,Confirmed,Create step 3; manage,
AUTH-002,Authentication,PKCE,Radio,Conditional,Conditional,Authentication step; requirement depends on client type,S256,S256 only. Required for Public clients; recommended for Confidential clients.,Does your environment support PKCE with the S256 hashing algorithm?,Confirmed,Create step 3; manage,
AUTH-003,Authentication,Authentication method,Radio,Required,Required,Authentication step,private_key_jwt; client_secret_basic; client_secret_post,,,Confirmed,Create step 3; manage,
AUTH-004,Authentication,JWKS URI,URL,Conditional,Conditional,Authentication method = private_key_jwt,,CanadaLogin uses the JWKS URI to retrieve public keys and verify signed messages.,,Confirmed,Create step 3; manage,
AUTH-005,Authentication,Share an identifier across applications,Radio,Required,Required,Authentication step,Yes; No,Controls whether a sector identifier URL is collected.,Do you have more than one application that needs to share an identifier?,Pending,Create step 3,Policy determining whether to allow this; existing users have this functionality.
AUTH-006,Authentication,Sector identifier URL,URL,Conditional,Conditional,Share identifier = Yes,,,,Pending,Create step 3; manage,Policy determining whether to allow this; existing users have this functionality.
SEC-001,Security,Messages verified,Checkbox group,Required,Required,Security step,ID Token; UserInfo Endpoint,,,Confirmed,Create step 4; manage,
SEC-002,Security,Verification algorithms,Checkbox group,Required,Required,Security step,RS256; RS384; RS512; PS256; PS384; PS512; ES256; ES384; ES512,,,Confirmed,Create step 4; manage,
SEC-003,Security,Sign messages sent to CanadaLogin,Radio,Required,Required,Security step,Yes; No,Controls whether message-signing fields are shown.,Can your environment sign messages?,Confirmed,Create step 4,
SEC-004,Security,Messages signed,Checkbox group,Conditional,Conditional,Sign messages sent to CanadaLogin = Yes,Request Object; Token Endpoint,,,Confirmed,Create step 4; manage,
SEC-005,Security,Signing algorithms,Checkbox group,Conditional,Conditional,Sign messages sent to CanadaLogin = Yes,RS256; RS384; RS512; PS256; PS384; PS512; ES256; ES384; ES512,,,Confirmed,Create step 4; manage,
SEC-006,Security,Encrypt requests sent to CanadaLogin,Radio,Required,Required,Security step,Yes; No,Controls whether request-encryption fields are shown.,Can your environment encrypt requests?,Confirmed,Create step 4,
SEC-007,Security,Encryption key management algorithms,Checkbox group,Conditional,Conditional,Encrypt requests sent to CanadaLogin = Yes,RSA-OAEP-256; RSA-OAEP,,,Confirmed,Create step 4; manage,
SEC-008,Security,Encryption algorithms,Checkbox group,Conditional,Conditional,Encrypt requests sent to CanadaLogin = Yes,A128GCM; A192GCM; A256GCM,,,Confirmed,Create step 4; manage,
SEC-009,Security,Decrypt messages from CanadaLogin,Radio,Required,Required,Security step,Yes; No,Controls whether message-decryption fields are shown.,Can your environment decrypt messages?,Confirmed,Create step 4,
SEC-010,Security,Messages decrypted,Checkbox group,Conditional,Conditional,Decrypt messages from CanadaLogin = Yes,Token Endpoint Response; ID Token; UserInfo Endpoint,,,Confirmed,Create step 4; manage,
SEC-011,Security,Decryption key management algorithms,Checkbox group,Conditional,Conditional,Decrypt messages from CanadaLogin = Yes,RSA-OAEP-256; RSA-OAEP,,,Confirmed,Create step 4; manage,
SEC-012,Security,Decryption algorithms,Checkbox group,Conditional,Conditional,Decrypt messages from CanadaLogin = Yes,A128GCM; A192GCM; A256GCM,,,Confirmed,Create step 4; manage,
MAN-001,Environment,Environment type,Display value,Required,Required,Always,TEST; STAGING,No Change action.,,Confirmed,Manage,
MAN-002,Environment,Environment name,Display value,Required,Required,Always,,Show Change action.,,Confirmed,Manage,
MAN-003,Environment,English environment URL,Display value,Required,Required,Always,,Show Change action.,,Confirmed,Manage,
MAN-004,Environment,French environment URL,Display value,Required,Required,Always,,Show Change action.,,Confirmed,Manage,
MAN-005,Environment,Created,System metadata,System,System,Always,Date/time,No Change action.,,Confirmed,Manage,
MAN-006,Environment,Last modified,System metadata,System,System,Always,Date/time,No Change action.,,Confirmed,Manage,
MAN-007,Environment,Copied from,Display value,Conditional,Conditional,Environment was created by copying an existing configuration,Existing environment,No Change action.,,Confirmed,Manage,
MAN-008,Connection,Redirect URLs,Display values,Required,Required,Always,,Show Change action.,,Confirmed,Manage,
MAN-009,Connection,Post logout redirect URLs,Display values,Required,Required,Always,,Show Change action.,,Confirmed,Manage,
MAN-010,Connection,Single sign out method,Display value,Required,Required,Always,Back-channel sign out; Front-channel sign out; Inactive,Show selected method when active; otherwise show Inactive. Show Change action.,,Confirmed,Manage,
MAN-011,Connection,Sign out request URL,Display value,Conditional,Conditional,Single sign out is active,,Hide when single sign out is inactive. Show Change action.,,Confirmed,Manage,
MAN-012,Connection,Outbound IPs,Display values,Optional,Optional,Always,IP addresses; Inactive,Show configured values; otherwise show Inactive. Show Change action.,,Pending,Manage,Confirm whether this remains available in TEST/STAGING.
MAN-013,Authentication,Client type,Display value,Required,Required,Always,Confidential; Public,Show Change action.,,Confirmed,Manage,
MAN-014,Authentication,PKCE,Display value,Required,Required,Always,Enabled; Disabled,Show Enabled or Disabled. Show Change action.,,Confirmed,Manage,Uses Disabled rather than Inactive.
MAN-015,Authentication,Authentication method,Display value,Required,Required,Always,private_key_jwt; client_secret_basic; client_secret_post,Show Change action.,,Confirmed,Manage,
MAN-016,Authentication,JWKS URI,Display value,Conditional,Conditional,Authentication method = private_key_jwt,,Hide for other authentication methods. Show Change action.,,Confirmed,Manage,
MAN-017,Authentication,Sector identifier,Display value,Required,Required,Always,URL; Inactive,Show configured value; otherwise show Inactive. Show Change action.,,Pending,Manage,Depends on sector identifier policy decision.
MAN-018,Verification and signing,Messages verified,Display values,Required,Required,Always,ID Token; UserInfo Endpoint,Show Change action.,,Confirmed,Manage,
MAN-019,Verification and signing,Verification algorithms,Display values,Required,Required,Always,RS256; RS384; RS512; PS256; PS384; PS512; ES256; ES384; ES512,Show Change action.,,Confirmed,Manage,
MAN-020,Verification and signing,Messages signed,Display values,Required,Required,Always,Request Object; Token Endpoint; Inactive,Show configured values when active; otherwise show Inactive. Show Change action.,,Confirmed,Manage,
MAN-021,Verification and signing,Signing algorithms,Display values,Conditional,Conditional,Message signing is active,RS256; RS384; RS512; PS256; PS384; PS512; ES256; ES384; ES512,Hide when message signing is inactive. Show Change action.,,Confirmed,Manage,
MAN-022,Encryption and decryption,Requests encrypted,Display values,Required,Required,Always,Request Object; Inactive,Show configured value when active; otherwise show Inactive. Show Change action.,,Confirmed,Manage,
MAN-023,Encryption and decryption,Encryption key management,Display values,Conditional,Conditional,Request encryption is active,RSA-OAEP-256; RSA-OAEP,Hide when request encryption is inactive. Show Change action.,,Confirmed,Manage,
MAN-024,Encryption and decryption,Encryption algorithms,Display values,Conditional,Conditional,Request encryption is active,A128GCM; A192GCM; A256GCM,Hide when request encryption is inactive. Show Change action.,,Confirmed,Manage,
MAN-025,Encryption and decryption,Messages decrypted,Display values,Required,Required,Always,Token Endpoint Response; ID Token; UserInfo Endpoint; Inactive,Show configured values when active; otherwise show Inactive. Show Change action.,,Confirmed,Manage,
MAN-026,Encryption and decryption,Decryption key management,Display values,Conditional,Conditional,Message decryption is active,RSA-OAEP-256; RSA-OAEP,Hide when message decryption is inactive. Show Change action.,,Confirmed,Manage,
MAN-027,Encryption and decryption,Decryption algorithms,Display values,Conditional,Conditional,Message decryption is active,A128GCM; A192GCM; A256GCM,Hide when message decryption is inactive. Show Change action.,,Confirmed,Manage,
MAN-028,Page actions,Copy configuration,Button,Required,Required,Always,,Starts Create environment using this configuration as the copy source.,,Confirmed,Manage,
MAN-029,Page actions,Request production,Button,N/A,Conditional,STAGING environment is eligible to request production,,Starts Request production using this STAGING configuration as the source.,,Confirmed,Manage,
APP-001,Sign-in / initial routing,,,,,,User has 0 applications,User is taken to the Applications page and shown the no-applications empty state.,,,,
APP-002,Sign-in / initial routing,,,,,,User has 1 application,User is taken directly to the Environments page for that application.,,,,
APP-003,Sign-in / initial routing,,,,,,User has 2+ applications,User is taken to the Applications page to select an application.,,,,
AUTH-SESSION-001,Session management,Inactivity timeout,,,,,,An authenticated session expires after 60 minutes of inactivity.,,,,
AUTH-SESSION-002,Session management,Timeout warning,,,,,,"At 55 minutes of inactivity, display the session inactivity warning with 5 minutes remaining.",,,,
AUTH-SESSION-003,Session management,Continue session,,,,,,Selecting Stay signed in resets the inactivity timer and closes the warning.,,,,
AUTH-SESSION-004,Session management,Timeout,,,,,,"If no action is taken before 60 minutes of inactivity, begin the sign-out process automatically.",,,,
CRED-01,Credentials,Authentication method,Read-only value,Yes,Yes,Always,"client_secret_basic, client_secret_post, private_key_jwt",Displays the authentication method configured for the environment. Determines whether secret-based credentials or JWKS credentials are shown.,—,Confirmed,Credentials,
CRED-02,Credentials,Client ID,Read-only value,Yes,Yes,Always,System-generated Client ID,Identifies the environment when connecting to CanadaLogin.,Used to identify this environment when connecting to CanadaLogin.,Confirmed,Credentials,
CRED-03,Current credentials,Secret,Secret value,Yes,Yes,Authentication method uses a client secret,System-generated secret,Current active secret for the environment. Secret value can be copied without being revealed.,—,Confirmed,Credentials – secret,Confirm whether secret has a defined maximum length.
CRED-04,Rotate secret,Reason for rotation,Text input,Yes,Yes,Secret rotation is available,"e.g. Annual rotation, Incident #21213",Required when rotating a secret. Reason is retained with the secret lifecycle record and displayed in Expiring secrets / Secret history.,"For example, annual rotation or incident #21213",Confirmed,Credentials – secret,
CRED-05,Rotate secret,Rotate secret,Action,Yes,Yes,Secret rotation is available,,"Selecting Rotate secret, once required information is valid, requires confirmation before a new secret is generated.Generates a new current secret. The previous secret remains active for 7 days before expiring. Rotation cannot be undone.",—,Confirmed,Credentials – secret,
CRED-06,Expiring secrets,Expiring secret,Read-only record,Yes,Yes,One or more previous secrets remain active following rotation,Reason for rotation + expiry date/time,Previous secret remains active for 7 days following rotation. The expiry date/time cannot be changed. Multiple expiring secrets may exist.,These secrets are still active and will stop working on the date and time shown.,Confirmed,Credentials – secret,
CRED-07,Expiring secrets,Expire now,Action,Yes,Yes,An expiring secret exists,,Selecting Expire now requires confirmation before the selected secret is immediately expired before its scheduled expiry. The action cannot be undone and does not affect other active secrets.,—,Confirmed,Credentials – secret,
CRED-08,Secret history,Secret history record,Read-only record,Yes,Yes,Historical secret records exist,Reason for rotation + active period,Records previously active secrets and the period during which each was active. Secret values are not exposed in history.,Previously active secrets and when they were valid.,Confirmed,Credentials – secret,
CRED-09,Credentials,JWKS URI,URI,Yes,Yes,Authentication method is private_key_jwt,Valid JWKS URI,Specifies the location CanadaLogin uses to retrieve the application's public keys. The value is shared with the environment configuration and does not use the client-secret rotation lifecycle.,The location CanadaLogin uses to retrieve your application's public keys.,Confirmed,Credentials – JWKS,