Phase,Prompt,Result
"planning","Image reference: images/populated-environments-page.png (original screenshot supplied before the planning request).","Interpreted the populated Environments page layout: application header, Environments heading, Connect button, production-status disclosure, bordered environment rows, Submitted/In production ribbons, and pagination."
"vertical slice implementation","I want to build a vertical slice for this envionments page. In the UI they are labeled as environments but they are actually application configurations. We need a backend api call and the frontend built. The list of application environments is just an example, we want to replace those with real environments from the database (if any exist). Currently the ""Switch application"" link, ""connect an environment"" button and application environment link don't need to lead anywhere as those pages have not been built out yet. But the ui Should match the image I provided (but database driven).","Investigated the ApplicationConfiguration model, application-scoped authorization, existing route/UI patterns, and identified a new read-only Application-scoped vertical slice as the appropriate implementation."
"planning","Question: Where should this new Application-scoped page live? Answer: /applications/$applicationUuid/environments.","Selected a new route hierarchy separate from the existing RPApplication dashboard because ApplicationConfiguration belongs to the legacy Application domain."
"planning","Question: How should database statuses appear in the UI? Answer: Draft, Submitted, In production.","Mapped submitted to Submitted; mapped published in the production tenant to In production; left draft unbadged."
"planning","Question: What should users see when the application has no configurations? Answer: Short empty-state message.","Planned an accessible message while retaining the application header, intro copy, and Connect button."
"planning","Question: For a published configuration in test or staging, what status treatment should the list use? Answer: No status ribbon.","Reserved ribbons for submitted configurations and published production configurations, matching the supplied reference."
"planning","Question: Should the environments endpoint also return the application display name for the page header? Answer: Yes, one page response.","Designed the backend response to return application metadata and paginated environment data in a single authorized request."
"planning","Image reference: images/empty-environments-page.png (empty-state screenshot supplied during planning).","Finalized the empty-state design: show You have not created any application environments. and omit the disclosure, environment rows, ribbons, and pagination."
"vertical slice implementation","Start implementation","Implemented the backend endpoint, repository/service/schema layers, protected frontend route, typed fetch client, React Query hook, localized page, tests, and generated route tree."
"backend implementation","Implementation validation and local runtime debugging.","Fixed an ambiguous SQLAlchemy join by anchoring the list query with select_from(Application); focused backend tests then passed."
"frontend implementation","I don't see pagination?","Confirmed the shared pagination component hides itself when total pages is one; updated local seed data to produce eleven configurations so pagination can be exercised."
